[
  {
    "id": "69383aff-2d53-4aca-af71-922eee94733c",
    "data": [
      {
        "text": "book hotel ",
        "userDefined": false
      },
      {
        "text": "Trident",
        "meta": "@sys.any",
        "alias": "hotlename",
        "userDefined": true
      }
    ],
    "isTemplate": false,
    "count": 0,
    "lang": "en",
    "updated": 0
  },
  {
    "id": "f1c42cdd-519f-4758-a3ce-939c2bf2e650",
    "data": [
      {
        "text": "book ",
        "userDefined": false
      },
      {
        "text": "The Lalit",
        "meta": "@sys.any",
        "alias": "hotlename",
        "userDefined": true
      }
    ],
    "isTemplate": false,
    "count": 0,
    "lang": "en",
    "updated": 0
  },
  {
    "id": "7d580d9f-9baa-46bd-9b35-388ddbbabf4e",
    "data": [
      {
        "text": "book the ",
        "userDefined": false
      },
      {
        "text": "Trident",
        "meta": "@sys.any",
        "alias": "hotlename",
        "userDefined": true
      },
      {
        "text": " hotel",
        "userDefined": false
      }
    ],
    "isTemplate": false,
    "count": 0,
    "lang": "en",
    "updated": 0
  },
  {
    "id": "9974d2f8-b561-4536-9b35-690d990d8ded",
    "data": [
      {
        "text": "Trident",
        "meta": "@sys.any",
        "alias": "hotlename",
        "userDefined": true
      }
    ],
    "isTemplate": false,
    "count": 0,
    "lang": "en",
    "updated": 0
  },
  {
    "id": "f494b22b-b7c3-440c-8cc1-1a6fb12e8cbb",
    "data": [
      {
        "text": "book ",
        "userDefined": false
      },
      {
        "text": "Trident",
        "meta": "@sys.any",
        "alias": "hotlename",
        "userDefined": true
      }
    ],
    "isTemplate": false,
    "count": 0,
    "lang": "en",
    "updated": 0
  },
  {
    "id": "739e4017-884d-41ab-b699-0b853532fcd6",
    "data": [
      {
        "text": "I want to book ",
        "userDefined": false
      },
      {
        "text": "Trident",
        "meta": "@sys.any",
        "alias": "hotlename",
        "userDefined": true
      }
    ],
    "isTemplate": false,
    "count": 1,
    "lang": "en",
    "updated": 0
  }
]